,자치구별,1m^2 전용면적당 거래금액(만원),계약연도,계약월,CoffeeShop
0,강남구,650,2018,1,1674
1,강남구,674,2018,2,1675
2,강남구,652,2018,3,1675
3,강남구,659,2018,4,1675
4,강남구,616,2018,5,1675
5,강남구,669,2018,6,1675
6,강남구,676,2018,7,1675
7,강남구,663,2018,8,1675
8,강남구,661,2018,9,1675
9,강남구,669,2018,10,1686
10,강남구,586,2018,11,1675
11,강남구,693,2018,12,1679
12,강동구,476,2018,1,417
13,강동구,429,2018,2,414
14,강동구,476,2018,3,414
15,강동구,468,2018,4,414
16,강동구,447,2018,5,414
17,강동구,447,2018,6,414
18,강동구,465,2018,7,414
19,강동구,486,2018,8,414
20,강동구,474,2018,9,414
21,강동구,467,2018,10,419
22,강동구,492,2018,11,414
23,강동구,518,2018,12,416
24,강북구,294,2018,1,212
25,강북구,329,2018,2,211
26,강북구,337,2018,3,211
27,강북구,341,2018,4,211
28,강북구,337,2018,5,211
29,강북구,361,2018,6,211
30,강북구,304,2018,7,211
31,강북구,329,2018,8,211
32,강북구,362,2018,9,211
33,강북구,350,2018,10,215
34,강북구,333,2018,11,216
35,강북구,349,2018,12,211
36,강서구,417,2018,1,728
37,강서구,417,2018,2,748
38,강서구,406,2018,3,748
39,강서구,414,2018,4,748
40,강서구,401,2018,5,748
41,강서구,419,2018,6,748
42,강서구,370,2018,7,748
43,강서구,399,2018,8,748
44,강서구,426,2018,9,748
45,강서구,417,2018,10,742
46,강서구,390,2018,11,747
47,강서구,416,2018,12,748
48,관악구,344,2018,1,471
49,관악구,340,2018,2,479
50,관악구,380,2018,3,479
51,관악구,346,2018,4,479
52,관악구,348,2018,5,479
53,관악구,364,2018,6,479
54,관악구,391,2018,7,479
55,관악구,371,2018,8,479
56,관악구,402,2018,9,479
57,관악구,386,2018,10,472
58,관악구,373,2018,11,477
59,관악구,378,2018,12,479
60,광진구,528,2018,1,357
61,광진구,500,2018,2,374
62,광진구,532,2018,3,374
63,광진구,530,2018,4,374
64,광진구,534,2018,5,374
65,광진구,507,2018,6,374
66,광진구,521,2018,7,374
67,광진구,569,2018,8,374
68,광진구,561,2018,9,374
69,광진구,578,2018,10,365
70,광진구,550,2018,11,370
71,광진구,521,2018,12,374
72,구로구,365,2018,1,407
73,구로구,360,2018,2,405
74,구로구,350,2018,3,405
75,구로구,328,2018,4,405
76,구로구,338,2018,5,405
77,구로구,350,2018,6,405
78,구로구,348,2018,7,405
79,구로구,364,2018,8,405
80,구로구,383,2018,9,405
81,구로구,371,2018,10,407
82,구로구,380,2018,11,409
83,구로구,396,2018,12,407
84,금천구,293,2018,1,311
85,금천구,327,2018,2,323
86,금천구,320,2018,3,323
87,금천구,268,2018,4,323
88,금천구,264,2018,5,323
89,금천구,306,2018,6,323
90,금천구,291,2018,7,323
91,금천구,361,2018,8,323
92,금천구,363,2018,9,323
93,금천구,376,2018,10,314
94,금천구,382,2018,11,324
95,금천구,384,2018,12,324
96,노원구,291,2018,1,427
97,노원구,290,2018,2,432
98,노원구,305,2018,3,432
99,노원구,287,2018,4,432
100,노원구,287,2018,5,432
101,노원구,288,2018,6,432
102,노원구,287,2018,7,432
103,노원구,292,2018,8,432
104,노원구,307,2018,9,432
105,노원구,306,2018,10,429
106,노원구,310,2018,11,431
107,노원구,313,2018,12,433
108,도봉구,275,2018,1,226
109,도봉구,294,2018,2,228
110,도봉구,282,2018,3,228
111,도봉구,263,2018,4,228
112,도봉구,262,2018,5,228
113,도봉구,260,2018,6,228
114,도봉구,280,2018,7,228
115,도봉구,284,2018,8,228
116,도봉구,276,2018,9,228
117,도봉구,275,2018,10,227
118,도봉구,276,2018,11,227
119,도봉구,284,2018,12,229
120,동대문구,368,2018,1,379
121,동대문구,360,2018,2,395
122,동대문구,397,2018,3,395
123,동대문구,400,2018,4,395
124,동대문구,394,2018,5,395
125,동대문구,437,2018,6,395
126,동대문구,428,2018,7,395
127,동대문구,427,2018,8,395
128,동대문구,423,2018,9,395
129,동대문구,425,2018,10,388
130,동대문구,432,2018,11,392
131,동대문구,386,2018,12,395
132,동작구,467,2018,1,414
133,동작구,491,2018,2,416
134,동작구,498,2018,3,416
135,동작구,496,2018,4,416
136,동작구,504,2018,5,416
137,동작구,489,2018,6,416
138,동작구,493,2018,7,416
139,동작구,530,2018,8,416
140,동작구,491,2018,9,416
141,동작구,551,2018,10,415
142,동작구,511,2018,11,420
143,동작구,495,2018,12,416
144,마포구,501,2018,1,964
145,마포구,507,2018,2,941
146,마포구,491,2018,3,941
147,마포구,496,2018,4,941
148,마포구,519,2018,5,941
149,마포구,502,2018,6,941
150,마포구,522,2018,7,941
151,마포구,516,2018,8,941
152,마포구,508,2018,9,941
153,마포구,562,2018,10,966
154,마포구,535,2018,11,958
155,마포구,489,2018,12,943
156,서대문구,458,2018,1,477
157,서대문구,434,2018,2,492
158,서대문구,429,2018,3,492
159,서대문구,439,2018,4,492
160,서대문구,377,2018,5,492
161,서대문구,428,2018,6,492
162,서대문구,404,2018,7,492
163,서대문구,475,2018,8,492
164,서대문구,440,2018,9,492
165,서대문구,453,2018,10,480
166,서대문구,414,2018,11,485
167,서대문구,459,2018,12,492
168,서초구,604,2018,1,942
169,서초구,546,2018,2,943
170,서초구,618,2018,3,943
171,서초구,587,2018,4,943
172,서초구,611,2018,5,943
173,서초구,630,2018,6,943
174,서초구,685,2018,7,943
175,서초구,670,2018,8,943
176,서초구,655,2018,9,943
177,서초구,678,2018,10,953
178,서초구,703,2018,11,952
179,서초구,718,2018,12,949
180,성동구,555,2018,1,336
181,성동구,536,2018,2,344
182,성동구,530,2018,3,344
183,성동구,524,2018,4,344
184,성동구,514,2018,5,344
185,성동구,512,2018,6,344
186,성동구,546,2018,7,344
187,성동구,542,2018,8,344
188,성동구,553,2018,9,344
189,성동구,539,2018,10,337
190,성동구,570,2018,11,339
191,성동구,576,2018,12,344
192,성북구,401,2018,1,426
193,성북구,409,2018,2,431
194,성북구,416,2018,3,431
195,성북구,397,2018,4,431
196,성북구,404,2018,5,431
197,성북구,386,2018,6,431
198,성북구,396,2018,7,431
199,성북구,403,2018,8,431
200,성북구,435,2018,9,431
201,성북구,423,2018,10,429
202,성북구,407,2018,11,433
203,성북구,403,2018,12,433
204,송파구,564,2018,1,476
205,송파구,543,2018,2,441
206,송파구,557,2018,3,441
207,송파구,560,2018,4,441
208,송파구,554,2018,5,441
209,송파구,571,2018,6,441
210,송파구,579,2018,7,441
211,송파구,583,2018,8,441
212,송파구,599,2018,9,441
213,송파구,593,2018,10,473
214,송파구,596,2018,11,450
215,송파구,598,2018,12,445
216,양천구,474,2018,1,357
217,양천구,485,2018,2,356
218,양천구,467,2018,3,356
219,양천구,457,2018,4,356
220,양천구,488,2018,5,356
221,양천구,487,2018,6,356
222,양천구,478,2018,7,356
223,양천구,491,2018,8,356
224,양천구,520,2018,9,356
225,양천구,500,2018,10,355
226,양천구,532,2018,11,358
227,양천구,529,2018,12,357
228,영등포구,432,2018,1,807
229,영등포구,443,2018,2,798
230,영등포구,433,2018,3,798
231,영등포구,438,2018,4,798
232,영등포구,434,2018,5,798
233,영등포구,442,2018,6,798
234,영등포구,424,2018,7,798
235,영등포구,452,2018,8,798
236,영등포구,446,2018,9,798
237,영등포구,475,2018,10,805
238,영등포구,463,2018,11,804
239,영등포구,451,2018,12,799
240,용산구,489,2018,1,390
241,용산구,495,2018,2,391
242,용산구,488,2018,3,391
243,용산구,493,2018,4,391
244,용산구,495,2018,5,391
245,용산구,502,2018,6,391
246,용산구,567,2018,7,391
247,용산구,513,2018,8,391
248,용산구,510,2018,9,391
249,용산구,506,2018,10,391
250,용산구,510,2018,11,394
251,용산구,543,2018,12,391
252,은평구,365,2018,1,379
253,은평구,343,2018,2,387
254,은평구,384,2018,3,387
255,은평구,339,2018,4,387
256,은평구,376,2018,5,387
257,은평구,395,2018,6,387
258,은평구,312,2018,7,387
259,은평구,359,2018,8,387
260,은평구,367,2018,9,387
261,은평구,379,2018,10,387
262,은평구,407,2018,11,388
263,은평구,408,2018,12,387
264,종로구,387,2018,1,869
265,종로구,412,2018,2,876
266,종로구,409,2018,3,876
267,종로구,360,2018,4,876
268,종로구,466,2018,5,876
269,종로구,399,2018,6,876
270,종로구,403,2018,7,876
271,종로구,403,2018,8,876
272,종로구,438,2018,9,876
273,종로구,465,2018,10,866
274,종로구,455,2018,11,871
275,종로구,433,2018,12,877
276,중구,477,2018,1,1054
277,중구,455,2018,2,1072
278,중구,466,2018,3,1072
279,중구,500,2018,4,1072
280,중구,518,2018,5,1072
281,중구,500,2018,6,1072
282,중구,479,2018,7,1072
283,중구,495,2018,8,1072
284,중구,458,2018,9,1072
285,중구,484,2018,10,1066
286,중구,480,2018,11,1070
287,중구,493,2018,12,1072
288,중랑구,322,2018,1,250
289,중랑구,274,2018,2,246
290,중랑구,276,2018,3,246
291,중랑구,306,2018,4,246
292,중랑구,315,2018,5,246
293,중랑구,312,2018,6,246
294,중랑구,318,2018,7,246
295,중랑구,275,2018,8,246
296,중랑구,324,2018,9,246
297,중랑구,329,2018,10,250
298,중랑구,334,2018,11,250
299,중랑구,338,2018,12,247
300,강남구,663,2019,1,1789
301,강남구,634,2019,2,1793
302,강남구,626,2019,3,1793
303,강남구,622,2019,4,1793
304,강남구,651,2019,5,1793
305,강남구,668,2019,6,1793
306,강남구,688,2019,7,1793
307,강남구,569,2019,8,1793
308,강남구,698,2019,9,1793
309,강남구,746,2019,10,1801
310,강남구,763,2019,11,1798
311,강남구,750,2019,12,1794
312,강동구,503,2019,1,460
313,강동구,467,2019,2,470
314,강동구,362,2019,3,470
315,강동구,469,2019,4,470
316,강동구,438,2019,5,470
317,강동구,457,2019,6,470
318,강동구,511,2019,7,470
319,강동구,468,2019,8,470
320,강동구,487,2019,9,470
321,강동구,522,2019,10,461
322,강동구,481,2019,11,468
323,강동구,496,2019,12,471
324,강북구,342,2019,1,217
325,강북구,329,2019,2,219
326,강북구,328,2019,3,219
327,강북구,318,2019,4,219
328,강북구,345,2019,5,219
329,강북구,335,2019,6,219
330,강북구,335,2019,7,219
331,강북구,348,2019,8,219
332,강북구,328,2019,9,219
333,강북구,327,2019,10,218
334,강북구,343,2019,11,222
335,강북구,386,2019,12,221
336,강서구,429,2019,1,827
337,강서구,411,2019,2,838
338,강서구,431,2019,3,838
339,강서구,434,2019,4,838
340,강서구,439,2019,5,838
341,강서구,449,2019,6,838
342,강서구,463,2019,7,838
343,강서구,480,2019,8,838
344,강서구,482,2019,9,838
345,강서구,442,2019,10,843
346,강서구,422,2019,11,845
347,강서구,427,2019,12,842
348,관악구,369,2019,1,527
349,관악구,343,2019,2,527
350,관악구,359,2019,3,527
351,관악구,371,2019,4,527
352,관악구,379,2019,5,527
353,관악구,379,2019,6,527
354,관악구,397,2019,7,527
355,관악구,392,2019,8,527
356,관악구,380,2019,9,527
357,관악구,403,2019,10,523
358,관악구,398,2019,11,525
359,관악구,392,2019,12,527
360,광진구,485,2019,1,437
361,광진구,518,2019,2,443
362,광진구,506,2019,3,443
363,광진구,513,2019,4,443
364,광진구,551,2019,5,443
365,광진구,530,2019,6,443
366,광진구,544,2019,7,443
367,광진구,551,2019,8,443
368,광진구,571,2019,9,443
369,광진구,592,2019,10,443
370,광진구,583,2019,11,443
371,광진구,571,2019,12,443
372,구로구,382,2019,1,408
373,구로구,354,2019,2,414
374,구로구,348,2019,3,414
375,구로구,370,2019,4,414
376,구로구,359,2019,5,414
377,구로구,364,2019,6,414
378,구로구,375,2019,7,414
379,구로구,343,2019,8,414
380,구로구,356,2019,9,414
381,구로구,376,2019,10,414
382,구로구,368,2019,11,412
383,구로구,350,2019,12,414
384,금천구,359,2019,1,340
385,금천구,322,2019,2,337
386,금천구,314,2019,3,337
387,금천구,311,2019,4,337
388,금천구,353,2019,5,337
389,금천구,397,2019,6,337
390,금천구,345,2019,7,337
391,금천구,340,2019,8,337
392,금천구,321,2019,9,337
393,금천구,360,2019,10,339
394,금천구,363,2019,11,340
395,금천구,363,2019,12,339
396,노원구,297,2019,1,472
397,노원구,289,2019,2,472
398,노원구,283,2019,3,472
399,노원구,285,2019,4,472
400,노원구,281,2019,5,472
401,노원구,296,2019,6,472
402,노원구,302,2019,7,472
403,노원구,302,2019,8,472
404,노원구,319,2019,9,472
405,노원구,315,2019,10,473
406,노원구,334,2019,11,477
407,노원구,333,2019,12,475
408,도봉구,283,2019,1,247
409,도봉구,280,2019,2,249
410,도봉구,274,2019,3,249
411,도봉구,267,2019,4,249
412,도봉구,277,2019,5,249
413,도봉구,284,2019,6,249
414,도봉구,276,2019,7,249
415,도봉구,280,2019,8,249
416,도봉구,282,2019,9,249
417,도봉구,290,2019,10,249
418,도봉구,290,2019,11,247
419,도봉구,304,2019,12,249
420,동대문구,402,2019,1,405
421,동대문구,432,2019,2,408
422,동대문구,426,2019,3,408
423,동대문구,418,2019,4,408
424,동대문구,398,2019,5,408
425,동대문구,396,2019,6,408
426,동대문구,404,2019,7,408
427,동대문구,420,2019,8,408
428,동대문구,429,2019,9,408
429,동대문구,446,2019,10,406
430,동대문구,441,2019,11,411
431,동대문구,459,2019,12,408
432,동작구,494,2019,1,444
433,동작구,468,2019,2,438
434,동작구,488,2019,3,438
435,동작구,486,2019,4,438
436,동작구,482,2019,5,438
437,동작구,482,2019,6,438
438,동작구,492,2019,7,438
439,동작구,487,2019,8,438
440,동작구,506,2019,9,438
441,동작구,545,2019,10,441
442,동작구,526,2019,11,440
443,동작구,528,2019,12,439
444,마포구,544,2019,1,871
445,마포구,523,2019,2,851
446,마포구,520,2019,3,851
447,마포구,521,2019,4,851
448,마포구,515,2019,5,851
449,마포구,514,2019,6,851
450,마포구,563,2019,7,851
451,마포구,548,2019,8,851
452,마포구,542,2019,9,851
453,마포구,549,2019,10,867
454,마포구,539,2019,11,860
455,마포구,548,2019,12,851
456,서대문구,441,2019,1,524
457,서대문구,444,2019,2,524
458,서대문구,462,2019,3,524
459,서대문구,426,2019,4,524
460,서대문구,491,2019,5,524
461,서대문구,442,2019,6,524
462,서대문구,467,2019,7,524
463,서대문구,438,2019,8,524
464,서대문구,483,2019,9,524
465,서대문구,477,2019,10,524
466,서대문구,484,2019,11,520
467,서대문구,491,2019,12,525
468,서초구,658,2019,1,958
469,서초구,631,2019,2,967
470,서초구,578,2019,3,967
471,서초구,614,2019,4,967
472,서초구,589,2019,5,967
473,서초구,610,2019,6,967
474,서초구,659,2019,7,967
475,서초구,607,2019,8,967
476,서초구,633,2019,9,967
477,서초구,656,2019,10,970
478,서초구,671,2019,11,971
479,서초구,702,2019,12,974
480,성동구,560,2019,1,364
481,성동구,555,2019,2,383
482,성동구,533,2019,3,383
483,성동구,536,2019,4,383
484,성동구,544,2019,5,383
485,성동구,562,2019,6,383
486,성동구,521,2019,7,383
487,성동구,555,2019,8,383
488,성동구,559,2019,9,383
489,성동구,567,2019,10,368
490,성동구,571,2019,11,380
491,성동구,619,2019,12,383
492,성북구,434,2019,1,444
493,성북구,422,2019,2,453
494,성북구,418,2019,3,453
495,성북구,410,2019,4,453
496,성북구,395,2019,5,453
497,성북구,392,2019,6,453
498,성북구,413,2019,7,453
499,성북구,412,2019,8,453
500,성북구,407,2019,9,453
501,성북구,437,2019,10,447
502,성북구,423,2019,11,452
503,성북구,404,2019,12,455
504,송파구,584,2019,1,453
505,송파구,543,2019,2,476
506,송파구,573,2019,3,476
507,송파구,522,2019,4,476
508,송파구,563,2019,5,476
509,송파구,594,2019,6,476
510,송파구,613,2019,7,476
511,송파구,600,2019,8,476
512,송파구,592,2019,9,476
513,송파구,606,2019,10,458
514,송파구,637,2019,11,465
515,송파구,538,2019,12,476
516,양천구,502,2019,1,380
517,양천구,446,2019,2,391
518,양천구,467,2019,3,391
519,양천구,461,2019,4,391
520,양천구,485,2019,5,391
521,양천구,459,2019,6,391
522,양천구,496,2019,7,391
523,양천구,417,2019,8,391
524,양천구,473,2019,9,391
525,양천구,506,2019,10,387
526,양천구,523,2019,11,393
527,양천구,525,2019,12,392
528,영등포구,447,2019,1,827
529,영등포구,431,2019,2,843
530,영등포구,467,2019,3,843
531,영등포구,449,2019,4,843
532,영등포구,473,2019,5,843
533,영등포구,508,2019,6,843
534,영등포구,472,2019,7,843
535,영등포구,470,2019,8,843
536,영등포구,476,2019,9,843
537,영등포구,498,2019,10,835
538,영등포구,509,2019,11,839
539,영등포구,505,2019,12,844
540,용산구,554,2019,1,417
541,용산구,496,2019,2,420
542,용산구,539,2019,3,420
543,용산구,534,2019,4,420
544,용산구,572,2019,5,420
545,용산구,513,2019,6,420
546,용산구,530,2019,7,420
547,용산구,477,2019,8,420
548,용산구,536,2019,9,420
549,용산구,537,2019,10,420
550,용산구,546,2019,11,421
551,용산구,550,2019,12,422
552,은평구,403,2019,1,374
553,은평구,353,2019,2,367
554,은평구,378,2019,3,367
555,은평구,369,2019,4,367
556,은평구,395,2019,5,367
557,은평구,397,2019,6,367
558,은평구,408,2019,7,367
559,은평구,410,2019,8,367
560,은평구,397,2019,9,367
561,은평구,417,2019,10,378
562,은평구,426,2019,11,372
563,은평구,398,2019,12,368
564,종로구,535,2019,1,906
565,종로구,563,2019,2,895
566,종로구,564,2019,3,895
567,종로구,590,2019,4,895
568,종로구,498,2019,5,895
569,종로구,583,2019,6,895
570,종로구,546,2019,7,895
571,종로구,572,2019,8,895
572,종로구,434,2019,9,895
573,종로구,505,2019,10,899
574,종로구,542,2019,11,899
575,종로구,504,2019,12,896
576,중구,456,2019,1,1122
577,중구,510,2019,2,1135
578,중구,480,2019,3,1135
579,중구,471,2019,4,1135
580,중구,529,2019,5,1135
581,중구,315,2019,6,1135
582,중구,323,2019,7,1135
583,중구,422,2019,8,1135
584,중구,486,2019,9,1135
585,중구,477,2019,10,1127
586,중구,516,2019,11,1134
587,중구,599,2019,12,1135
588,중랑구,350,2019,1,290
589,중랑구,349,2019,2,295
590,중랑구,336,2019,3,295
591,중랑구,366,2019,4,295
592,중랑구,392,2019,5,295
593,중랑구,441,2019,6,295
594,중랑구,410,2019,7,295
595,중랑구,335,2019,8,295
596,중랑구,371,2019,9,295
597,중랑구,370,2019,10,294
598,중랑구,372,2019,11,297
599,중랑구,365,2019,12,296
600,강남구,727,2020,1,1842
601,강남구,724,2020,2,1831
602,강남구,715,2020,3,1831
603,강남구,728,2020,4,1831
604,강남구,730,2020,5,1831
605,강남구,791,2020,6,1831
606,강남구,813,2020,7,1831
607,강남구,799,2020,8,1831
608,강남구,790,2020,9,1831
609,강남구,872,2020,10,1843
610,강남구,783,2020,11,1844
611,강남구,861,2020,12,1834
612,강동구,530,2020,1,519
613,강동구,478,2020,2,516
614,강동구,488,2020,3,516
615,강동구,491,2020,4,516
616,강동구,511,2020,5,516
617,강동구,537,2020,6,516
618,강동구,571,2020,7,516
619,강동구,597,2020,8,516
620,강동구,616,2020,9,516
621,강동구,583,2020,10,519
622,강동구,386,2020,11,519
623,강동구,586,2020,12,517
624,강북구,356,2020,1,240
625,강북구,337,2020,2,243
626,강북구,381,2020,3,243
627,강북구,389,2020,4,243
628,강북구,397,2020,5,243
629,강북구,394,2020,6,243
630,강북구,357,2020,7,243
631,강북구,409,2020,8,243
632,강북구,407,2020,9,243
633,강북구,426,2020,10,238
634,강북구,430,2020,11,240
635,강북구,490,2020,12,243
636,강서구,469,2020,1,900
637,강서구,478,2020,2,907
638,강서구,479,2020,3,907
639,강서구,469,2020,4,907
640,강서구,479,2020,5,907
641,강서구,476,2020,6,907
642,강서구,412,2020,7,907
643,강서구,396,2020,8,907
644,강서구,462,2020,9,907
645,강서구,457,2020,10,906
646,강서구,435,2020,11,911
647,강서구,507,2020,12,907
648,관악구,398,2020,1,562
649,관악구,431,2020,2,559
650,관악구,436,2020,3,559
651,관악구,331,2020,4,559
652,관악구,393,2020,5,559
653,관악구,446,2020,6,559
654,관악구,371,2020,7,559
655,관악구,451,2020,8,559
656,관악구,403,2020,9,559
657,관악구,442,2020,10,561
658,관악구,423,2020,11,561
659,관악구,421,2020,12,559
660,광진구,547,2020,1,500
661,광진구,563,2020,2,501
662,광진구,561,2020,3,501
663,광진구,521,2020,4,501
664,광진구,582,2020,5,501
665,광진구,603,2020,6,501
666,광진구,628,2020,7,501
667,광진구,620,2020,8,501
668,광진구,630,2020,9,501
669,광진구,671,2020,10,503
670,광진구,655,2020,11,505
671,광진구,642,2020,12,503
672,구로구,376,2020,1,454
673,구로구,406,2020,2,458
674,구로구,365,2020,3,458
675,구로구,330,2020,4,458
676,구로구,380,2020,5,458
677,구로구,384,2020,6,458
678,구로구,392,2020,7,458
679,구로구,391,2020,8,458
680,구로구,411,2020,9,458
681,구로구,412,2020,10,457
682,구로구,339,2020,11,460
683,구로구,347,2020,12,459
684,금천구,382,2020,1,368
685,금천구,369,2020,2,375
686,금천구,334,2020,3,375
687,금천구,343,2020,4,375
688,금천구,360,2020,5,375
689,금천구,399,2020,6,375
690,금천구,377,2020,7,375
691,금천구,390,2020,8,375
692,금천구,434,2020,9,375
693,금천구,471,2020,10,367
694,금천구,537,2020,11,373
695,금천구,528,2020,12,375
696,노원구,322,2020,1,489
697,노원구,315,2020,2,484
698,노원구,312,2020,3,484
699,노원구,302,2020,4,484
700,노원구,311,2020,5,484
701,노원구,323,2020,6,484
702,노원구,321,2020,7,484
703,노원구,324,2020,8,484
704,노원구,347,2020,9,484
705,노원구,362,2020,10,489
706,노원구,375,2020,11,486
707,노원구,389,2020,12,484
708,도봉구,300,2020,1,271
709,도봉구,283,2020,2,272
710,도봉구,287,2020,3,272
711,도봉구,294,2020,4,272
712,도봉구,304,2020,5,272
713,도봉구,299,2020,6,272
714,도봉구,317,2020,7,272
715,도봉구,308,2020,8,272
716,도봉구,334,2020,9,272
717,도봉구,339,2020,10,276
718,도봉구,354,2020,11,277
719,도봉구,364,2020,12,273
720,동대문구,447,2020,1,422
721,동대문구,459,2020,2,424
722,동대문구,462,2020,3,424
723,동대문구,394,2020,4,424
724,동대문구,453,2020,5,424
725,동대문구,511,2020,6,424
726,동대문구,490,2020,7,424
727,동대문구,514,2020,8,424
728,동대문구,483,2020,9,424
729,동대문구,511,2020,10,420
730,동대문구,442,2020,11,421
731,동대문구,523,2020,12,424
732,동작구,501,2020,1,461
733,동작구,539,2020,2,431
734,동작구,551,2020,3,431
735,동작구,538,2020,4,431
736,동작구,568,2020,5,431
737,동작구,566,2020,6,431
738,동작구,553,2020,7,431
739,동작구,574,2020,8,431
740,동작구,588,2020,9,431
741,동작구,620,2020,10,465
742,동작구,598,2020,11,470
743,동작구,625,2020,12,432
744,마포구,562,2020,1,779
745,마포구,578,2020,2,755
746,마포구,475,2020,3,755
747,마포구,460,2020,4,755
748,마포구,500,2020,5,755
749,마포구,589,2020,6,755
750,마포구,572,2020,7,755
751,마포구,548,2020,8,755
752,마포구,526,2020,9,755
753,마포구,404,2020,10,773
754,마포구,619,2020,11,763
755,마포구,560,2020,12,755
756,서대문구,467,2020,1,546
757,서대문구,462,2020,2,521
758,서대문구,463,2020,3,521
759,서대문구,466,2020,4,521
760,서대문구,440,2020,5,521
761,서대문구,510,2020,6,521
762,서대문구,485,2020,7,521
763,서대문구,562,2020,8,521
764,서대문구,529,2020,9,521
765,서대문구,527,2020,10,544
766,서대문구,536,2020,11,539
767,서대문구,559,2020,12,522
768,서초구,635,2020,1,1006
769,서초구,638,2020,2,1005
770,서초구,692,2020,3,1005
771,서초구,691,2020,4,1005
772,서초구,768,2020,5,1005
773,서초구,781,2020,6,1005
774,서초구,856,2020,7,1005
775,서초구,795,2020,8,1005
776,서초구,822,2020,9,1005
777,서초구,861,2020,10,1007
778,서초구,740,2020,11,1006
779,서초구,804,2020,12,1005
780,성동구,570,2020,1,421
781,성동구,613,2020,2,421
782,성동구,581,2020,3,421
783,성동구,558,2020,4,421
784,성동구,581,2020,5,421
785,성동구,657,2020,6,421
786,성동구,659,2020,7,421
787,성동구,615,2020,8,421
788,성동구,609,2020,9,421
789,성동구,675,2020,10,420
790,성동구,645,2020,11,416
791,성동구,651,2020,12,422
792,성북구,428,2020,1,481
793,성북구,425,2020,2,492
794,성북구,441,2020,3,492
795,성북구,406,2020,4,492
796,성북구,439,2020,5,492
797,성북구,436,2020,6,492
798,성북구,488,2020,7,492
799,성북구,489,2020,8,492
800,성북구,467,2020,9,492
801,성북구,492,2020,10,487
802,성북구,508,2020,11,495
803,성북구,519,2020,12,492
804,송파구,589,2020,1,567
805,송파구,583,2020,2,585
806,송파구,594,2020,3,585
807,송파구,631,2020,4,585
808,송파구,670,2020,5,585
809,송파구,680,2020,6,585
810,송파구,687,2020,7,585
811,송파구,579,2020,8,585
812,송파구,696,2020,9,585
813,송파구,677,2020,10,569
814,송파구,655,2020,11,582
815,송파구,715,2020,12,585
816,양천구,516,2020,1,421
817,양천구,518,2020,2,414
818,양천구,488,2020,3,414
819,양천구,436,2020,4,414
820,양천구,518,2020,5,414
821,양천구,525,2020,6,414
822,양천구,512,2020,7,414
823,양천구,529,2020,8,414
824,양천구,526,2020,9,414
825,양천구,555,2020,10,419
826,양천구,575,2020,11,420
827,양천구,603,2020,12,415
828,영등포구,493,2020,1,874
829,영등포구,494,2020,2,862
830,영등포구,454,2020,3,862
831,영등포구,482,2020,4,862
832,영등포구,511,2020,5,862
833,영등포구,521,2020,6,862
834,영등포구,521,2020,7,862
835,영등포구,527,2020,8,862
836,영등포구,468,2020,9,862
837,영등포구,523,2020,10,873
838,영등포구,547,2020,11,877
839,영등포구,545,2020,12,864
840,용산구,547,2020,1,440
841,용산구,536,2020,2,444
842,용산구,528,2020,3,444
843,용산구,571,2020,4,444
844,용산구,527,2020,5,444
845,용산구,576,2020,6,444
846,용산구,614,2020,7,444
847,용산구,588,2020,8,444
848,용산구,623,2020,9,444
849,용산구,598,2020,10,440
850,용산구,600,2020,11,443
851,용산구,642,2020,12,444
852,은평구,432,2020,1,385
853,은평구,408,2020,2,399
854,은평구,438,2020,3,399
855,은평구,409,2020,4,399
856,은평구,461,2020,5,399
857,은평구,483,2020,6,399
858,은평구,425,2020,7,399
859,은평구,450,2020,8,399
860,은평구,363,2020,9,399
861,은평구,487,2020,10,390
862,은평구,485,2020,11,398
863,은평구,448,2020,12,400
864,종로구,476,2020,1,882
865,종로구,461,2020,2,859
866,종로구,461,2020,3,859
867,종로구,412,2020,4,859
868,종로구,433,2020,5,859
869,종로구,450,2020,6,859
870,종로구,540,2020,7,859
871,종로구,512,2020,8,859
872,종로구,435,2020,9,859
873,종로구,500,2020,10,878
874,종로구,519,2020,11,878
875,종로구,544,2020,12,862
876,중구,553,2020,1,1149
877,중구,509,2020,2,1148
878,중구,529,2020,3,1148
879,중구,489,2020,4,1148
880,중구,509,2020,5,1148
881,중구,613,2020,6,1148
882,중구,508,2020,7,1148
883,중구,560,2020,8,1148
884,중구,563,2020,9,1148
885,중구,560,2020,10,1148
886,중구,615,2020,11,1149
887,중구,595,2020,12,1149
888,중랑구,400,2020,1,329
889,중랑구,313,2020,2,329
890,중랑구,321,2020,3,329
891,중랑구,353,2020,4,329
892,중랑구,449,2020,5,329
893,중랑구,444,2020,6,329
894,중랑구,426,2020,7,329
895,중랑구,338,2020,8,329
896,중랑구,512,2020,9,329
897,중랑구,472,2020,10,326
898,중랑구,319,2020,11,328
899,중랑구,421,2020,12,329
900,강남구,852,2021,1,1870
901,강남구,812,2021,2,1873
902,강남구,817,2021,3,1873
903,강남구,740,2021,4,1873
904,강남구,830,2021,5,1873
905,강남구,780,2021,6,1873
906,강남구,848,2021,7,1873
907,강남구,751,2021,8,1873
908,강남구,868,2021,9,1873
909,강남구,866,2021,10,1871
910,강남구,866,2021,11,1881
911,강남구,831,2021,12,1873
912,강동구,517,2021,1,574
913,강동구,586,2021,2,578
914,강동구,436,2021,3,578
915,강동구,429,2021,4,578
916,강동구,541,2021,5,578
917,강동구,449,2021,6,578
918,강동구,629,2021,7,578
919,강동구,462,2021,8,578
920,강동구,551,2021,9,578
921,강동구,522,2021,10,581
922,강동구,635,2021,11,577
923,강동구,530,2021,12,579
924,강북구,438,2021,1,239
925,강북구,411,2021,2,251
926,강북구,442,2021,3,251
927,강북구,415,2021,4,251
928,강북구,422,2021,5,251
929,강북구,413,2021,6,251
930,강북구,295,2021,7,251
931,강북구,462,2021,8,251
932,강북구,347,2021,9,251
933,강북구,436,2021,10,248
934,강북구,364,2021,11,253
935,강북구,381,2021,12,251
936,강서구,492,2021,1,990
937,강서구,456,2021,2,983
938,강서구,528,2021,3,983
939,강서구,354,2021,4,983
940,강서구,551,2021,5,983
941,강서구,497,2021,6,983
942,강서구,543,2021,7,983
943,강서구,438,2021,8,983
944,강서구,513,2021,9,983
945,강서구,423,2021,10,994
946,강서구,480,2021,11,996
947,강서구,467,2021,12,984
948,관악구,426,2021,1,584
949,관악구,435,2021,2,593
950,관악구,448,2021,3,593
951,관악구,440,2021,4,593
952,관악구,473,2021,5,593
953,관악구,506,2021,6,593
954,관악구,482,2021,7,593
955,관악구,461,2021,8,593
956,관악구,415,2021,9,593
957,관악구,495,2021,10,586
958,관악구,466,2021,11,593
959,관악구,457,2021,12,593
960,광진구,625,2021,1,548
961,광진구,605,2021,2,550
962,광진구,649,2021,3,550
963,광진구,663,2021,4,550
964,광진구,661,2021,5,550
965,광진구,644,2021,6,550
966,광진구,664,2021,7,550
967,광진구,672,2021,8,550
968,광진구,709,2021,9,550
969,광진구,720,2021,10,555
970,광진구,684,2021,11,557
971,광진구,675,2021,12,551
972,구로구,346,2021,1,473
973,구로구,403,2021,2,472
974,구로구,402,2021,3,472
975,구로구,412,2021,4,472
976,구로구,443,2021,5,472
977,구로구,431,2021,6,472
978,구로구,423,2021,7,472
979,구로구,304,2021,8,472
980,구로구,322,2021,9,472
981,구로구,320,2021,10,477
982,구로구,415,2021,11,475
983,구로구,312,2021,12,474
984,금천구,496,2021,1,404
985,금천구,490,2021,2,398
986,금천구,364,2021,3,398
987,금천구,359,2021,4,398
988,금천구,371,2021,5,398
989,금천구,362,2021,6,398
990,금천구,376,2021,7,398
991,금천구,458,2021,8,398
992,금천구,438,2021,9,398
993,금천구,442,2021,10,396
994,금천구,439,2021,11,403
995,금천구,460,2021,12,400
996,노원구,374,2021,1,517
997,노원구,373,2021,2,523
998,노원구,366,2021,3,523
999,노원구,359,2021,4,523
1000,노원구,369,2021,5,523
1001,노원구,362,2021,6,523
1002,노원구,364,2021,7,523
1003,노원구,373,2021,8,523
1004,노원구,352,2021,9,523
1005,노원구,361,2021,10,519
1006,노원구,382,2021,11,521
1007,노원구,373,2021,12,523
1008,도봉구,359,2021,1,284
1009,도봉구,344,2021,2,280
1010,도봉구,329,2021,3,280
1011,도봉구,367,2021,4,280
1012,도봉구,380,2021,5,280
1013,도봉구,377,2021,6,280
1014,도봉구,377,2021,7,280
1015,도봉구,336,2021,8,280
1016,도봉구,340,2021,9,280
1017,도봉구,327,2021,10,285
1018,도봉구,374,2021,11,283
1019,도봉구,344,2021,12,281
1020,동대문구,521,2021,1,423
1021,동대문구,567,2021,2,427
1022,동대문구,545,2021,3,427
1023,동대문구,547,2021,4,427
1024,동대문구,511,2021,5,427
1025,동대문구,501,2021,6,427
1026,동대문구,468,2021,7,427
1027,동대문구,506,2021,8,427
1028,동대문구,424,2021,9,427
1029,동대문구,549,2021,10,425
1030,동대문구,515,2021,11,424
1031,동대문구,505,2021,12,427
1032,동작구,588,2021,1,441
1033,동작구,591,2021,2,452
1034,동작구,609,2021,3,452
1035,동작구,662,2021,4,452
1036,동작구,707,2021,5,452
1037,동작구,621,2021,6,452
1038,동작구,635,2021,7,452
1039,동작구,650,2021,8,452
1040,동작구,603,2021,9,452
1041,동작구,640,2021,10,448
1042,동작구,651,2021,11,453
1043,동작구,595,2021,12,453
1044,마포구,601,2021,1,865
1045,마포구,612,2021,2,906
1046,마포구,618,2021,3,906
1047,마포구,630,2021,4,906
1048,마포구,653,2021,5,906
1049,마포구,613,2021,6,906
1050,마포구,587,2021,7,906
1051,마포구,511,2021,8,906
1052,마포구,539,2021,9,906
1053,마포구,519,2021,10,875
1054,마포구,625,2021,11,893
1055,마포구,563,2021,12,906
1056,서대문구,536,2021,1,481
1057,서대문구,524,2021,2,494
1058,서대문구,527,2021,3,494
1059,서대문구,565,2021,4,494
1060,서대문구,536,2021,5,494
1061,서대문구,552,2021,6,494
1062,서대문구,538,2021,7,494
1063,서대문구,567,2021,8,494
1064,서대문구,475,2021,9,494
1065,서대문구,542,2021,10,486
1066,서대문구,532,2021,11,492
1067,서대문구,523,2021,12,496
1068,서초구,807,2021,1,1022
1069,서초구,811,2021,2,1002
1070,서초구,674,2021,3,1002
1071,서초구,775,2021,4,1002
1072,서초구,923,2021,5,1002
1073,서초구,815,2021,6,1002
1074,서초구,829,2021,7,1002
1075,서초구,631,2021,8,1002
1076,서초구,860,2021,9,1002
1077,서초구,841,2021,10,1015
1078,서초구,819,2021,11,1018
1079,서초구,819,2021,12,1004
1080,성동구,680,2021,1,434
1081,성동구,637,2021,2,436
1082,성동구,654,2021,3,436
1083,성동구,675,2021,4,436
1084,성동구,665,2021,5,436
1085,성동구,682,2021,6,436
1086,성동구,659,2021,7,436
1087,성동구,660,2021,8,436
1088,성동구,598,2021,9,436
1089,성동구,649,2021,10,437
1090,성동구,687,2021,11,441
1091,성동구,653,2021,12,437
1092,성북구,516,2021,1,508
1093,성북구,493,2021,2,524
1094,성북구,547,2021,3,524
1095,성북구,486,2021,4,524
1096,성북구,514,2021,5,524
1097,성북구,512,2021,6,524
1098,성북구,472,2021,7,524
1099,성북구,503,2021,8,524
1100,성북구,429,2021,9,524
1101,성북구,509,2021,10,512
1102,성북구,481,2021,11,515
1103,성북구,494,2021,12,524
1104,송파구,720,2021,1,676
1105,송파구,696,2021,2,692
1106,송파구,717,2021,3,692
1107,송파구,655,2021,4,692
1108,송파구,683,2021,5,692
1109,송파구,714,2021,6,692
1110,송파구,680,2021,7,692
1111,송파구,574,2021,8,692
1112,송파구,687,2021,9,692
1113,송파구,651,2021,10,683
1114,송파구,741,2021,11,695
1115,송파구,606,2021,12,692
1116,양천구,600,2021,1,418
1117,양천구,593,2021,2,424
1118,양천구,578,2021,3,424
1119,양천구,447,2021,4,424
1120,양천구,593,2021,5,424
1121,양천구,489,2021,6,424
1122,양천구,544,2021,7,424
1123,양천구,431,2021,8,424
1124,양천구,468,2021,9,424
1125,양천구,539,2021,10,420
1126,양천구,585,2021,11,424
1127,양천구,603,2021,12,425
1128,영등포구,537,2021,1,902
1129,영등포구,507,2021,2,914
1130,영등포구,527,2021,3,914
1131,영등포구,521,2021,4,914
1132,영등포구,579,2021,5,914
1133,영등포구,539,2021,6,914
1134,영등포구,566,2021,7,914
1135,영등포구,494,2021,8,914
1136,영등포구,545,2021,9,914
1137,영등포구,607,2021,10,907
1138,영등포구,603,2021,11,913
1139,영등포구,592,2021,12,916
1140,용산구,660,2021,1,443
1141,용산구,657,2021,2,447
1142,용산구,475,2021,3,447
1143,용산구,642,2021,4,447
1144,용산구,726,2021,5,447
1145,용산구,680,2021,6,447
1146,용산구,606,2021,7,447
1147,용산구,622,2021,8,447
1148,용산구,577,2021,9,447
1149,용산구,599,2021,10,444
1150,용산구,621,2021,11,450
1151,용산구,625,2021,12,449
1152,은평구,425,2021,1,415
1153,은평구,386,2021,2,408
1154,은평구,468,2021,3,408
1155,은평구,455,2021,4,408
1156,은평구,511,2021,5,408
1157,은평구,483,2021,6,408
1158,은평구,478,2021,7,408
1159,은평구,421,2021,8,408
1160,은평구,377,2021,9,408
1161,은평구,432,2021,10,411
1162,은평구,502,2021,11,410
1163,은평구,436,2021,12,408
1164,종로구,586,2021,1,848
1165,종로구,521,2021,2,850
1166,종로구,612,2021,3,850
1167,종로구,567,2021,4,850
1168,종로구,649,2021,5,850
1169,종로구,569,2021,6,850
1170,종로구,611,2021,7,850
1171,종로구,588,2021,8,850
1172,종로구,463,2021,9,850
1173,종로구,562,2021,10,849
1174,종로구,548,2021,11,848
1175,종로구,547,2021,12,850
1176,중구,597,2021,1,1150
1177,중구,615,2021,2,1147
1178,중구,589,2021,3,1147
1179,중구,653,2021,4,1147
1180,중구,646,2021,5,1147
1181,중구,587,2021,6,1147
1182,중구,520,2021,7,1147
1183,중구,496,2021,8,1147
1184,중구,450,2021,9,1147
1185,중구,590,2021,10,1151
1186,중구,525,2021,11,1150
1187,중구,579,2021,12,1148
1188,중랑구,400,2021,1,361
1189,중랑구,415,2021,2,367
1190,중랑구,436,2021,3,367
1191,중랑구,461,2021,4,367
1192,중랑구,483,2021,5,367
1193,중랑구,471,2021,6,367
1194,중랑구,486,2021,7,367
1195,중랑구,381,2021,8,367
1196,중랑구,444,2021,9,367
1197,중랑구,381,2021,10,362
1198,중랑구,421,2021,11,370
1199,중랑구,329,2021,12,367
1200,강남구,798,2022,1,1900
1201,강남구,783,2022,2,1882
1202,강남구,748,2022,3,1882
1203,강남구,792,2022,4,1882
1204,강남구,677,2022,5,1882
1205,강남구,785,2022,6,1882
1206,강남구,824,2022,7,1882
1207,강남구,848,2022,8,1882
1208,강남구,843,2022,9,1882
1209,강남구,853,2022,10,1907
1210,강남구,778,2022,11,1892
1211,강남구,741,2022,12,1883
1212,강동구,621,2022,1,617
1213,강동구,556,2022,2,608
1214,강동구,466,2022,3,608
1215,강동구,547,2022,4,608
1216,강동구,497,2022,5,608
1217,강동구,557,2022,6,608
1218,강동구,550,2022,7,608
1219,강동구,603,2022,8,608
1220,강동구,592,2022,9,608
1221,강동구,592,2022,10,622
1222,강동구,504,2022,11,615
1223,강동구,460,2022,12,608
1224,강북구,353,2022,1,249
1225,강북구,379,2022,2,239
1226,강북구,368,2022,3,239
1227,강북구,468,2022,4,239
1228,강북구,441,2022,5,239
1229,강북구,341,2022,6,239
1230,강북구,288,2022,7,239
1231,강북구,373,2022,8,239
1232,강북구,409,2022,9,239
1233,강북구,397,2022,10,247
1234,강북구,354,2022,11,246
1235,강북구,377,2022,12,239
1236,강서구,513,2022,1,1026
1237,강서구,512,2022,2,1004
1238,강서구,474,2022,3,1004
1239,강서구,493,2022,4,1004
1240,강서구,511,2022,5,1004
1241,강서구,531,2022,6,1004
1242,강서구,409,2022,7,1004
1243,강서구,397,2022,8,1004
1244,강서구,499,2022,9,1004
1245,강서구,475,2022,10,1027
1246,강서구,418,2022,11,1021
1247,강서구,425,2022,12,1004
1248,관악구,451,2022,1,606
1249,관악구,491,2022,2,594
1250,관악구,458,2022,3,594
1251,관악구,464,2022,4,594
1252,관악구,460,2022,5,594
1253,관악구,389,2022,6,594
1254,관악구,394,2022,7,594
1255,관악구,478,2022,8,594
1256,관악구,472,2022,9,594
1257,관악구,444,2022,10,605
1258,관악구,406,2022,11,600
1259,관악구,401,2022,12,594
1260,광진구,618,2022,1,599
1261,광진구,703,2022,2,580
1262,광진구,653,2022,3,580
1263,광진구,669,2022,4,580
1264,광진구,674,2022,5,580
1265,광진구,679,2022,6,580
1266,광진구,651,2022,7,580
1267,광진구,629,2022,8,580
1268,광진구,627,2022,9,580
1269,광진구,617,2022,10,590
1270,광진구,615,2022,11,589
1271,광진구,562,2022,12,580
1272,구로구,419,2022,1,488
1273,구로구,389,2022,2,488
1274,구로구,416,2022,3,488
1275,구로구,353,2022,4,488
1276,구로구,375,2022,5,488
1277,구로구,330,2022,6,488
1278,구로구,346,2022,7,488
1279,구로구,406,2022,8,488
1280,구로구,388,2022,9,488
1281,구로구,399,2022,10,490
1282,구로구,360,2022,11,491
1283,구로구,319,2022,12,488
1284,금천구,427,2022,1,423
1285,금천구,462,2022,2,423
1286,금천구,466,2022,3,423
1287,금천구,414,2022,4,423
1288,금천구,433,2022,5,423
1289,금천구,426,2022,6,423
1290,금천구,433,2022,7,423
1291,금천구,415,2022,8,423
1292,금천구,431,2022,9,423
1293,금천구,442,2022,10,428
1294,금천구,473,2022,11,431
1295,금천구,430,2022,12,423
1296,노원구,365,2022,1,556
1297,노원구,348,2022,2,545
1298,노원구,352,2022,3,545
1299,노원구,360,2022,4,545
1300,노원구,327,2022,5,545
1301,노원구,358,2022,6,545
1302,노원구,329,2022,7,545
1303,노원구,348,2022,8,545
1304,노원구,335,2022,9,545
1305,노원구,358,2022,10,554
1306,노원구,336,2022,11,550
1307,노원구,350,2022,12,546
1308,도봉구,335,2022,1,287
1309,도봉구,331,2022,2,274
1310,도봉구,308,2022,3,274
1311,도봉구,338,2022,4,274
1312,도봉구,331,2022,5,274
1313,도봉구,320,2022,6,274
1314,도봉구,333,2022,7,274
1315,도봉구,319,2022,8,274
1316,도봉구,311,2022,9,274
1317,도봉구,324,2022,10,279
1318,도봉구,314,2022,11,278
1319,도봉구,317,2022,12,275
1320,동대문구,512,2022,1,412
1321,동대문구,525,2022,2,403
1322,동대문구,508,2022,3,403
1323,동대문구,495,2022,4,403
1324,동대문구,530,2022,5,403
1325,동대문구,486,2022,6,403
1326,동대문구,487,2022,7,403
1327,동대문구,538,2022,8,403
1328,동대문구,497,2022,9,403
1329,동대문구,512,2022,10,412
1330,동대문구,441,2022,11,414
1331,동대문구,505,2022,12,403
1332,동작구,607,2022,1,472
1333,동작구,582,2022,2,465
1334,동작구,620,2022,3,465
1335,동작구,630,2022,4,465
1336,동작구,630,2022,5,465
1337,동작구,601,2022,6,465
1338,동작구,591,2022,7,465
1339,동작구,606,2022,8,465
1340,동작구,507,2022,9,465
1341,동작구,576,2022,10,469
1342,동작구,570,2022,11,466
1343,동작구,527,2022,12,465
1344,마포구,580,2022,1,912
1345,마포구,601,2022,2,930
1346,마포구,535,2022,3,930
1347,마포구,551,2022,4,930
1348,마포구,529,2022,5,930
1349,마포구,577,2022,6,930
1350,마포구,585,2022,7,930
1351,마포구,588,2022,8,930
1352,마포구,594,2022,9,930
1353,마포구,615,2022,10,921
1354,마포구,527,2022,11,917
1355,마포구,497,2022,12,930
1356,서대문구,550,2022,1,516
1357,서대문구,505,2022,2,496
1358,서대문구,495,2022,3,496
1359,서대문구,511,2022,4,496
1360,서대문구,517,2022,5,496
1361,서대문구,463,2022,6,496
1362,서대문구,467,2022,7,496
1363,서대문구,594,2022,8,496
1364,서대문구,556,2022,9,496
1365,서대문구,496,2022,10,513
1366,서대문구,482,2022,11,517
1367,서대문구,479,2022,12,496
1368,서초구,809,2022,1,1008
1369,서초구,666,2022,2,1012
1370,서초구,787,2022,3,1012
1371,서초구,799,2022,4,1012
1372,서초구,881,2022,5,1012
1373,서초구,832,2022,6,1012
1374,서초구,866,2022,7,1012
1375,서초구,817,2022,8,1012
1376,서초구,896,2022,9,1012
1377,서초구,885,2022,10,1014
1378,서초구,785,2022,11,1012
1379,서초구,760,2022,12,1012
1380,성동구,665,2022,1,450
1381,성동구,664,2022,2,439
1382,성동구,655,2022,3,439
1383,성동구,642,2022,4,439
1384,성동구,693,2022,5,439
1385,성동구,666,2022,6,439
1386,성동구,669,2022,7,439
1387,성동구,688,2022,8,439
1388,성동구,626,2022,9,439
1389,성동구,661,2022,10,456
1390,성동구,591,2022,11,443
1391,성동구,573,2022,12,439
1392,성북구,431,2022,1,555
1393,성북구,471,2022,2,559
1394,성북구,481,2022,3,559
1395,성북구,505,2022,4,559
1396,성북구,484,2022,5,559
1397,성북구,439,2022,6,559
1398,성북구,456,2022,7,559
1399,성북구,483,2022,8,559
1400,성북구,484,2022,9,559
1401,성북구,484,2022,10,559
1402,성북구,465,2022,11,565
1403,성북구,475,2022,12,559
1404,송파구,642,2022,1,771
1405,송파구,615,2022,2,792
1406,송파구,641,2022,3,792
1407,송파구,673,2022,4,792
1408,송파구,681,2022,5,792
1409,송파구,715,2022,6,792
1410,송파구,685,2022,7,792
1411,송파구,618,2022,8,792
1412,송파구,679,2022,9,792
1413,송파구,690,2022,10,788
1414,송파구,613,2022,11,785
1415,송파구,650,2022,12,792
1416,양천구,585,2022,1,436
1417,양천구,578,2022,2,442
1418,양천구,518,2022,3,442
1419,양천구,563,2022,4,442
1420,양천구,533,2022,5,442
1421,양천구,563,2022,6,442
1422,양천구,500,2022,7,442
1423,양천구,580,2022,8,442
1424,양천구,531,2022,9,442
1425,양천구,526,2022,10,438
1426,양천구,515,2022,11,442
1427,양천구,515,2022,12,442
1428,영등포구,541,2022,1,905
1429,영등포구,548,2022,2,899
1430,영등포구,510,2022,3,899
1431,영등포구,574,2022,4,899
1432,영등포구,562,2022,5,899
1433,영등포구,580,2022,6,899
1434,영등포구,550,2022,7,899
1435,영등포구,576,2022,8,899
1436,영등포구,543,2022,9,899
1437,영등포구,565,2022,10,903
1438,영등포구,532,2022,11,901
1439,영등포구,546,2022,12,899
1440,용산구,601,2022,1,469
1441,용산구,571,2022,2,480
1442,용산구,589,2022,3,480
1443,용산구,602,2022,4,480
1444,용산구,487,2022,5,480
1445,용산구,572,2022,6,480
1446,용산구,615,2022,7,480
1447,용산구,673,2022,8,480
1448,용산구,606,2022,9,480
1449,용산구,612,2022,10,472
1450,용산구,561,2022,11,482
1451,용산구,450,2022,12,480
1452,은평구,495,2022,1,391
1453,은평구,475,2022,2,379
1454,은평구,469,2022,3,379
1455,은평구,471,2022,4,379
1456,은평구,484,2022,5,379
1457,은평구,479,2022,6,379
1458,은평구,416,2022,7,379
1459,은평구,457,2022,8,379
1460,은평구,456,2022,9,379
1461,은평구,480,2022,10,390
1462,은평구,433,2022,11,385
1463,은평구,371,2022,12,379
1464,종로구,537,2022,1,879
1465,종로구,498,2022,2,873
1466,종로구,432,2022,3,873
1467,종로구,594,2022,4,873
1468,종로구,552,2022,5,873
1469,종로구,576,2022,6,873
1470,종로구,479,2022,7,873
1471,종로구,534,2022,8,873
1472,종로구,518,2022,9,873
1473,종로구,540,2022,10,877
1474,종로구,451,2022,11,874
1475,종로구,556,2022,12,873
1476,중구,581,2022,1,1168
1477,중구,565,2022,2,1166
1478,중구,512,2022,3,1166
1479,중구,579,2022,4,1166
1480,중구,568,2022,5,1166
1481,중구,525,2022,6,1166
1482,중구,457,2022,7,1166
1483,중구,593,2022,8,1166
1484,중구,516,2022,9,1166
1485,중구,593,2022,10,1168
1486,중구,549,2022,11,1164
1487,중구,555,2022,12,1166
1488,중랑구,418,2022,1,382
1489,중랑구,334,2022,2,377
1490,중랑구,362,2022,3,377
1491,중랑구,422,2022,4,377
1492,중랑구,397,2022,5,377
1493,중랑구,416,2022,6,377
1494,중랑구,469,2022,7,377
1495,중랑구,359,2022,8,377
1496,중랑구,405,2022,9,377
1497,중랑구,428,2022,10,381
1498,중랑구,311,2022,11,380
1499,중랑구,294,2022,12,377
